purchase_month,total_payment_value,previous_month_payment,mom_growth_percentage
2016-09,252.24,,
2016-10,59090.48,252.24,23326.29
2016-12,19.62,,
2017-01,138488.04,19.62,705751.38
2017-02,291908.01,138488.04,110.78
2017-03,449863.6,291908.01,54.11
2017-04,417788.03,449863.6,-7.13
2017-05,592918.82,417788.03,41.92
2017-06,511276.38,592918.82,-13.77
2017-07,592382.92,511276.38,15.86
2017-08,674396.32,592382.92,13.84
2017-09,727762.45,674396.32,7.91
2017-10,779677.88,727762.45,7.13
2017-11,1194882.8,779677.88,53.25
2017-12,878401.48,1194882.8,-26.49
2018-01,1115004.18,878401.48,26.94
2018-02,992463.34,1115004.18,-10.99
2018-03,1159652.12,992463.34,16.85
2018-04,1160785.48,1159652.12,0.1
2018-05,1153982.15,1160785.48,-0.59
2018-06,1023880.5,1153982.15,-11.27
2018-07,1066540.75,1023880.5,4.17
2018-08,1022425.32,1066540.75,-4.14
2018-09,4439.54,1022425.32,-99.57
2018-10,589.67,4439.54,-86.72
