product_category_name,total_merchandise_sales_value,delivered_orders,reviewed_orders,average_review_score,review_coverage_percentage
cama_mesa_banho,1023434.76,9272,9177,4.0,98.98
moveis_decoracao,711927.69,6307,6260,4.06,99.25
informatica_acessorios,888724.61,6530,6499,4.08,99.53
relogios_presentes,1166176.98,5495,5454,4.12,99.25
automotivo,578966.65,3810,3792,4.15,99.53
utilidades_domesticas,615628.69,5743,5709,4.19,99.41
cool_stuff,610204.1,3559,3531,4.22,99.21
esporte_lazer,954852.55,7530,7486,4.23,99.42
beleza_saude,1233131.72,8647,8601,4.23,99.47
brinquedos,471286.48,3804,3774,4.24,99.21
